system:index,devAge2,grass,huc12,paved,pm25_na,sqrt_CO2_road,sqrt_traffic,.geo
000000000000000000c6,-2.841975622,0.007097155,1.711E+11,-1.638270067,-2.134927573,-1.512496105,-1.064268019,"{""type"":""MultiPoint"",""coordinates"":[]}"
000000000000000000ca,-1.080059988,0.145750189,1.711E+11,-0.659136116,0.605629081,-0.182527066,-0.329500352,"{""type"":""MultiPoint"",""coordinates"":[]}"
000000000000000001d6,-2.781533173,1.23102608,1.711E+11,-1.652193996,-2.290454205,-1.612566881,-1.061391311,"{""type"":""MultiPoint"",""coordinates"":[]}"
000000000000000000d8,-3.104049861,-0.772647269,1.711E+11,-1.804052156,-1.549012469,-1.778658961,-1.13792585,"{""type"":""MultiPoint"",""coordinates"":[]}"
000000000000000000da,-3.058277492,-0.691677851,1.711E+11,-1.819386042,-1.270661439,-1.878345572,-1.123829551,"{""type"":""MultiPoint"",""coordinates"":[]}"
31,-2.9837028,1.099122377,1.711E+11,-1.663111661,-1.159947984,-1.665011534,-1.080187236,"{""type"":""MultiPoint"",""coordinates"":[]}"
44,-3.169510673,-1.469088712,1.71001E+11,-1.911564606,-3.158403042,-2.004567156,-1.177119613,"{""type"":""MultiPoint"",""coordinates"":[]}"
59,-2.179426994,0.030458128,1.711E+11,-0.969509461,-2.524257743,-1.300905555,-0.940358671,"{""type"":""MultiPoint"",""coordinates"":[]}"
0000000000000000005b,-2.803790306,0.756486484,1.711E+11,-1.504792539,-0.977487316,-1.731291167,-1.108477809,"{""type"":""MultiPoint"",""coordinates"":[]}"
0000000000000000005c,-3.116310265,-0.363375076,1.711E+11,-1.816697856,-2.01894886,-1.972826737,-1.148748959,"{""type"":""MultiPoint"",""coordinates"":[]}"
74,-3.143871679,-0.762787394,1.711E+11,-1.837901463,-2.485958746,-1.986444567,-1.156760499,"{""type"":""MultiPoint"",""coordinates"":[]}"
75,-2.780974995,-0.854042247,1.711E+11,-1.471806984,-2.392778941,-1.252720117,-0.899977688,"{""type"":""MultiPoint"",""coordinates"":[]}"
77,-2.579887367,0.208171443,1.711E+11,-1.301568277,-0.573818122,-1.104529711,-0.889132901,"{""type"":""MultiPoint"",""coordinates"":[]}"
167,-3.100335706,-0.904885372,1.711E+11,-1.831925202,-2.95477101,-1.89090805,-1.144890396,"{""type"":""MultiPoint"",""coordinates"":[]}"
168,-3.166324719,-0.967367212,1.711E+11,-1.857036665,-2.268767708,-1.861241142,-1.156355851,"{""type"":""MultiPoint"",""coordinates"":[]}"
169,-3.124197173,-0.586911915,1.711E+11,-1.860210465,-2.154123895,-1.821730242,-1.153673255,"{""type"":""MultiPoint"",""coordinates"":[]}"
0000000000000000016a,-2.960275937,-0.560128386,1.711E+11,-1.692378989,-1.472072921,-1.512783304,-1.10155477,"{""type"":""MultiPoint"",""coordinates"":[]}"
0000000000000000016c,-3.159399455,-1.152788144,1.711E+11,-1.865592054,-3.782549419,-1.975478091,-1.156866324,"{""type"":""MultiPoint"",""coordinates"":[]}"
0000000000000000016e,-3.113625545,-0.214316063,1.711E+11,-1.836634788,-2.306378984,-1.810754429,-1.135128641,"{""type"":""MultiPoint"",""coordinates"":[]}"
0000000000000000016f,-3.020549817,-0.451000114,1.711E+11,-1.736303679,-1.366890944,-1.728323294,-1.097769273,"{""type"":""MultiPoint"",""coordinates"":[]}"
170,-3.166304487,-1.094603767,1.711E+11,-1.859838238,-1.919040492,-1.974967191,-1.163731382,"{""type"":""MultiPoint"",""coordinates"":[]}"
172,-3.117098964,-0.935794654,1.711E+11,-1.851118346,-2.444262717,-1.915030135,-1.151406702,"{""type"":""MultiPoint"",""coordinates"":[]}"
176,-3.116568139,-0.591810506,1.711E+11,-1.812775515,-0.908431689,-1.804326004,-1.138386368,"{""type"":""MultiPoint"",""coordinates"":[]}"
177,-2.749133032,-0.255507933,1.711E+11,-1.583211754,-0.13021906,-1.083633134,-0.947860638,"{""type"":""MultiPoint"",""coordinates"":[]}"
178,-3.010325591,-0.391576003,1.711E+11,-1.743195332,-0.727690447,-1.635887378,-1.101420633,"{""type"":""MultiPoint"",""coordinates"":[]}"
179,0.19883125,0.314109764,1.711E+11,-0.47450899,0.67170295,-0.187363643,-0.207460052,"{""type"":""MultiPoint"",""coordinates"":[]}"
0000000000000000017b,-2.072045999,0.115950398,1.711E+11,-1.247776152,-0.866134942,-1.126173447,-0.93445449,"{""type"":""MultiPoint"",""coordinates"":[]}"
0000000000000000017d,-2.280731469,0.213575126,1.711E+11,-1.347086056,-1.420061318,-1.056756315,-0.827667479,"{""type"":""MultiPoint"",""coordinates"":[]}"
0000000000000000017e,-2.972922674,-0.106488393,1.711E+11,-1.578057534,-1.662989707,-1.643695085,-1.10249254,"{""type"":""MultiPoint"",""coordinates"":[]}"
0000000000000000017f,-1.811105691,-0.072249183,1.711E+11,-1.238851124,-1.453774876,-0.928206127,-0.669088526,"{""type"":""MultiPoint"",""coordinates"":[]}"
181,-3.039734511,-0.536464322,1.711E+11,-1.715737248,-2.928497108,-1.582987245,-1.063176107,"{""type"":""MultiPoint"",""coordinates"":[]}"
182,-3.065589554,-0.556438904,1.711E+11,-1.770243745,-2.885089407,-1.423975482,-1.021959836,"{""type"":""MultiPoint"",""coordinates"":[]}"
184,-3.085137375,-0.417170026,1.711E+11,-1.805382466,-2.936709501,-1.672635261,-1.104429845,"{""type"":""MultiPoint"",""coordinates"":[]}"
187,-2.904290631,-0.034241946,1.711E+11,-1.685104072,-1.977744696,-1.696122174,-1.09988354,"{""type"":""MultiPoint"",""coordinates"":[]}"
188,-3.067167571,-0.444651207,1.711E+11,-1.775964217,-2.525603832,-1.607645178,-1.078014766,"{""type"":""MultiPoint"",""coordinates"":[]}"
0000000000000000018a,-2.998621448,-0.418471487,1.711E+11,-1.770637396,-1.194665317,-1.720809879,-1.108683626,"{""type"":""MultiPoint"",""coordinates"":[]}"
0000000000000000018d,-2.01342032,-0.086179258,1.711E+11,-1.291647186,-0.207414483,-0.952067538,-0.803633362,"{""type"":""MultiPoint"",""coordinates"":[]}"
0000000000000000018e,-2.202170557,-0.626921886,1.711E+11,-1.431307918,-0.76154955,-1.314838208,-0.864489056,"{""type"":""MultiPoint"",""coordinates"":[]}"
0000000000000000018f,-2.642455792,-0.376437989,1.711E+11,-1.581460327,-0.263639982,-1.223508794,-0.941407345,"{""type"":""MultiPoint"",""coordinates"":[]}"
190,-2.907471514,-0.565703253,1.711E+11,-1.739797225,-2.136222853,-1.614053325,-1.100347237,"{""type"":""MultiPoint"",""coordinates"":[]}"
191,-2.96374891,0.712845412,1.711E+11,-1.685760944,-2.304215617,-1.544459574,-1.063398563,"{""type"":""MultiPoint"",""coordinates"":[]}"
192,-2.973351972,-0.828255563,1.711E+11,-1.724366883,-2.437199433,-1.665774651,-1.117878093,"{""type"":""MultiPoint"",""coordinates"":[]}"
194,-2.702282937,0.111289716,1.711E+11,-1.571241718,-2.547611923,-1.557781485,-1.058971862,"{""type"":""MultiPoint"",""coordinates"":[]}"
195,-2.856629123,0.295294198,1.711E+11,-1.551196625,-2.682984566,-1.655940532,-1.108120596,"{""type"":""MultiPoint"",""coordinates"":[]}"
197,-3.062722224,-0.438076913,1.711E+11,-1.814801187,-2.644305752,-1.76761306,-1.118801433,"{""type"":""MultiPoint"",""coordinates"":[]}"
198,-2.860300239,-0.372677564,1.711E+11,-1.65822902,-0.888267612,-1.39526784,-1.023914817,"{""type"":""MultiPoint"",""coordinates"":[]}"
199,-2.672094057,-0.453537002,1.711E+11,-1.599772241,-2.62340475,-1.670316234,-1.056575376,"{""type"":""MultiPoint"",""coordinates"":[]}"
0000000000000000019a,-0.651128365,-0.364729338,1.711E+11,-0.943456325,-0.493131113,-0.451578456,-0.443231616,"{""type"":""MultiPoint"",""coordinates"":[]}"
0000000000000000019c,-2.779233463,-0.269892999,1.711E+11,-1.622682161,0.450253676,-1.414713497,-1.015108314,"{""type"":""MultiPoint"",""coordinates"":[]}"
0000000000000000019d,-0.399673151,-0.019544954,1.711E+11,-0.912212659,0.599153213,-0.328248492,-0.440429234,"{""type"":""MultiPoint"",""coordinates"":[]}"
0000000000000000019f,-2.910503021,0.202743001,1.711E+11,-1.724128021,-2.455021237,-1.620721817,-1.108553183,"{""type"":""MultiPoint"",""coordinates"":[]}"
000000000000000001a0,-2.74563328,1.015911975,1.711E+11,-1.550925228,-2.745833639,-1.554862411,-1.066564852,"{""type"":""MultiPoint"",""coordinates"":[]}"
000000000000000001a1,-2.902287494,-0.476400196,1.711E+11,-1.648822973,-2.916926821,-1.644912833,-1.083847457,"{""type"":""MultiPoint"",""coordinates"":[]}"
000000000000000001b5,-3.053008798,-0.508359658,1.711E+11,-1.812768828,-2.733604215,-1.740202372,-1.114157437,"{""type"":""MultiPoint"",""coordinates"":[]}"
000000000000000001b7,-3.172149726,-1.149181307,1.711E+11,-1.88565076,-3.821797462,-1.926616393,-1.163447755,"{""type"":""MultiPoint"",""coordinates"":[]}"
000000000000000001b8,-2.867745516,-0.213044121,1.711E+11,-1.682885059,-2.629702687,-1.661868007,-1.093434517,"{""type"":""MultiPoint"",""coordinates"":[]}"
000000000000000001bc,-3.165564148,-0.435135429,1.711E+11,-1.838636956,-3.017175289,-1.935183213,-1.148211751,"{""type"":""MultiPoint"",""coordinates"":[]}"
000000000000000001c5,-3.135286404,-0.87655355,1.711E+11,-1.854157096,-3.054158785,-1.985590739,-1.162061254,"{""type"":""MultiPoint"",""coordinates"":[]}"
000000000000000001d5,-0.895594727,-0.157731772,1.711E+11,-0.677831995,-1.418854308,-0.657905647,-0.671772905,"{""type"":""MultiPoint"",""coordinates"":[]}"
000000000000000001d8,-2.629843278,-0.119721828,1.711E+11,-1.456581039,-3.083135431,-1.68116287,-1.041121423,"{""type"":""MultiPoint"",""coordinates"":[]}"
000000000000000001c8,-3.095732299,-0.998070325,1.711E+11,-1.84756125,-2.69088701,-1.859227519,-1.137258299,"{""type"":""MultiPoint"",""coordinates"":[]}"
000000000000000001ca,-2.004828317,1.109480592,1.711E+11,-1.272992356,-1.258956133,-0.772670794,-0.693639081,"{""type"":""MultiPoint"",""coordinates"":[]}"
0000000000000000002c,-3.146574721,-0.015496411,1.711E+11,-1.809162317,-2.697098821,-1.901750467,-1.146271791,"{""type"":""MultiPoint"",""coordinates"":[]}"
0000000000000000002e,-2.927639109,2.195627462,1.711E+11,-1.634973084,-2.276061115,-1.486417543,-1.023710607,"{""type"":""MultiPoint"",""coordinates"":[]}"
000000000000000000c8,-2.889574253,1.268577636,1.711E+11,-1.714108324,-2.311128179,-1.601706758,-1.047485053,"{""type"":""MultiPoint"",""coordinates"":[]}"
000000000000000000ce,-2.462078226,1.610210497,1.711E+11,-1.429691481,-1.85029477,-1.607725176,-1.061222778,"{""type"":""MultiPoint"",""coordinates"":[]}"
000000000000000000cf,-2.939751011,0.315640837,1.711E+11,-1.707496875,-2.860995125,-1.629663017,-1.09630437,"{""type"":""MultiPoint"",""coordinates"":[]}"
000000000000000000d0,-3.126815035,-0.302756631,1.711E+11,-1.820315676,-2.598614117,-1.835143903,-1.136523114,"{""type"":""MultiPoint"",""coordinates"":[]}"
0000000000000000005a,-3.166808727,-0.886382393,1.711E+11,-1.864189857,-3.020231223,-2.017437747,-1.164350639,"{""type"":""MultiPoint"",""coordinates"":[]}"
0000000000000000005d,-3.082130852,0.15343278,1.711E+11,-1.797248101,-2.945283843,-1.910280053,-1.157010688,"{""type"":""MultiPoint"",""coordinates"":[]}"
0000000000000000005e,-3.149093063,-0.605348147,1.711E+11,-1.811447573,-2.596031286,-1.933670724,-1.15543194,"{""type"":""MultiPoint"",""coordinates"":[]}"
0000000000000000005f,-3.084881002,0.35253936,1.711E+11,-1.778731446,-2.644409829,-1.890579101,-1.146391679,"{""type"":""MultiPoint"",""coordinates"":[]}"
0000000000000000017c,-2.968961442,-0.213266244,1.711E+11,-1.753169561,-1.102430283,-1.773037266,-1.132299138,"{""type"":""MultiPoint"",""coordinates"":[]}"
189,-3.14895958,-0.876079929,1.711E+11,-1.838227452,-1.560204584,-1.903522049,-1.159802678,"{""type"":""MultiPoint"",""coordinates"":[]}"
193,-2.870690837,-0.033772673,1.711E+11,-1.633435942,-2.470293584,-1.646181797,-1.095156319,"{""type"":""MultiPoint"",""coordinates"":[]}"
0000000000000000019b,-2.832000721,-0.39440241,1.711E+11,-1.644321939,0.770202415,-1.454954418,-1.062000137,"{""type"":""MultiPoint"",""coordinates"":[]}"
0000000000000000019e,-2.991713354,-0.416984276,1.711E+11,-1.763143142,0.404001475,-1.573102956,-1.084536678,"{""type"":""MultiPoint"",""coordinates"":[]}"
000000000000000000cc,-3.152700309,-1.120378133,1.711E+11,-1.880409896,-3.977454456,-1.968461775,-1.166437188,"{""type"":""MultiPoint"",""coordinates"":[]}"
000000000000000000cd,-2.797519417,1.538380035,1.711E+11,-1.6225818,-2.135681334,-1.630067754,-1.054495138,"{""type"":""MultiPoint"",""coordinates"":[]}"
000000000000000001da,-3.183055505,-1.469521172,1.703E+11,-1.911573153,-4.775459917,-1.885850369,-1.161734104,"{""type"":""MultiPoint"",""coordinates"":[]}"
39,-3.186517336,-1.20026977,1.711E+11,-1.897382329,-3.304278819,-2.019496041,-1.169880922,"{""type"":""MultiPoint"",""coordinates"":[]}"
0000000000000000009c,-3.185421253,-1.44214734,1.711E+11,-1.910939443,-4.614873986,-2.067890212,-1.177037447,"{""type"":""MultiPoint"",""coordinates"":[]}"
000000000000000000db,-3.185282387,-1.124601759,1.711E+11,-1.894135426,-2.81977579,-1.982161643,-1.166886785,"{""type"":""MultiPoint"",""coordinates"":[]}"
0000000000000000013f,-3.186532818,-1.460256033,1.711E+11,-1.911595583,-6.068562862,-2.046750566,-1.177119613,"{""type"":""MultiPoint"",""coordinates"":[]}"
000000000000000001b4,-3.130190751,-0.378992273,1.711E+11,-1.794575274,-2.750429752,-1.789148114,-1.130344315,"{""type"":""MultiPoint"",""coordinates"":[]}"
000000000000000000b4,-3.109575325,-1.469431653,1.71001E+11,-1.911592707,-3.538357308,-1.847105504,-1.172920218,"{""type"":""MultiPoint"",""coordinates"":[]}"
0,-3.186779261,-1.469545126,1.702E+11,-1.911595583,-3.939665123,-2.027963113,-1.177119613,"{""type"":""MultiPoint"",""coordinates"":[]}"
0000000000000000002d,-3.02527328,1.732019679,1.711E+11,-1.713098332,-2.129043534,-1.522538128,-1.047895928,"{""type"":""MultiPoint"",""coordinates"":[]}"
000000000000000000b7,-3.183811645,-1.382956415,1.711E+11,-1.910700229,-4.662953944,-2.084844899,-1.177074877,"{""type"":""MultiPoint"",""coordinates"":[]}"
000000000000000000be,-1.941647514,0.090970606,1.711E+11,-1.1937328,-0.533581346,-0.563463702,-0.64868262,"{""type"":""MultiPoint"",""coordinates"":[]}"
000000000000000000bf,-2.226200971,-0.078577233,1.711E+11,-1.348266995,-0.934296447,-0.796949631,-0.805397447,"{""type"":""MultiPoint"",""coordinates"":[]}"
000000000000000000c2,-2.400723018,0.623717028,1.711E+11,-1.428651507,-0.793688273,-1.153634313,-0.948751674,"{""type"":""MultiPoint"",""coordinates"":[]}"
000000000000000000c3,-2.307825038,0.665935096,1.711E+11,-1.412641936,-0.797987291,-1.061869161,-0.907725529,"{""type"":""MultiPoint"",""coordinates"":[]}"
000000000000000000c9,-1.039065002,-0.444784878,1.711E+11,-1.184901183,0.169336698,-0.135927442,-0.257974828,"{""type"":""MultiPoint"",""coordinates"":[]}"
000000000000000000cb,-1.255948381,0.625678274,1.711E+11,-1.065519022,0.190493265,-0.453113133,-0.625717831,"{""type"":""MultiPoint"",""coordinates"":[]}"
000000000000000000b8,-3.186401894,-1.004285202,1.711E+11,-1.904066937,-3.44633963,-2.040706815,-1.174935556,"{""type"":""MultiPoint"",""coordinates"":[]}"
000000000000000000b9,-3.163281302,-0.93669344,1.711E+11,-1.869545962,-2.686522722,-2.004035325,-1.171031781,"{""type"":""MultiPoint"",""coordinates"":[]}"
000000000000000000ba,-3.136332019,-0.351112755,1.711E+11,-1.802798085,-2.174732619,-1.846696527,-1.13614849,"{""type"":""MultiPoint"",""coordinates"":[]}"
000000000000000000bd,-3.173246191,-1.206765732,1.711E+11,-1.858124068,-2.717222584,-1.811117804,-1.157157202,"{""type"":""MultiPoint"",""coordinates"":[]}"
000000000000000000d1,-3.178420296,-1.261749147,1.711E+11,-1.910535115,-4.271048551,-2.063158784,-1.177119613,"{""type"":""MultiPoint"",""coordinates"":[]}"
000000000000000000d2,-2.931252827,-0.278863492,1.711E+11,-1.748338491,-1.942176331,-1.71056268,-1.119235282,"{""type"":""MultiPoint"",""coordinates"":[]}"
000000000000000000d3,-3.136380291,-0.819681664,1.711E+11,-1.857972687,-3.777174259,-1.945880177,-1.152951963,"{""type"":""MultiPoint"",""coordinates"":[]}"
32,-3.18119811,-1.469485373,1.71001E+11,-1.911595583,-4.880650106,-2.005400115,-1.177119613,"{""type"":""MultiPoint"",""coordinates"":[]}"
33,-3.180428488,-1.469545126,1.71001E+11,-1.911595583,-5.630557972,-2.056722282,-1.177119613,"{""type"":""MultiPoint"",""coordinates"":[]}"
34,-3.186779261,-1.44314172,1.711E+11,-1.909286629,-2.284285302,-2.083958022,-1.177119613,"{""type"":""MultiPoint"",""coordinates"":[]}"
35,-3.186734091,-1.394720472,1.711E+11,-1.885264568,-2.653581592,-1.993357325,-1.16649701,"{""type"":""MultiPoint"",""coordinates"":[]}"
36,-3.184025936,-1.269651389,1.711E+11,-1.900644415,-3.664466135,-2.058497688,-1.175848626,"{""type"":""MultiPoint"",""coordinates"":[]}"
000000000000000000d4,-3.18641492,-1.426400911,1.711E+11,-1.909672198,-4.481777142,-2.046699346,-1.177119613,"{""type"":""MultiPoint"",""coordinates"":[]}"
000000000000000000d5,-3.18438516,-1.37240126,1.711E+11,-1.901941541,-4.122692804,-2.032841349,-1.177119613,"{""type"":""MultiPoint"",""coordinates"":[]}"
000000000000000000d6,-3.169206945,-1.110830219,1.711E+11,-1.875864253,-4.062820612,-1.948394568,-1.154672398,"{""type"":""MultiPoint"",""coordinates"":[]}"
000000000000000000d7,-3.172437604,-1.395734122,1.711E+11,-1.886613539,-4.91322513,-2.030015438,-1.171647165,"{""type"":""MultiPoint"",""coordinates"":[]}"
37,-3.186709895,-1.469480445,1.71001E+11,-1.911592315,-3.308322531,-1.95338969,-1.172257938,"{""type"":""MultiPoint"",""coordinates"":[]}"
38,-3.174135715,-1.46942897,1.71001E+11,-1.911592073,-4.572657891,-1.939382184,-1.175462387,"{""type"":""MultiPoint"",""coordinates"":[]}"
000000000000000000d9,-3.146878504,-0.578057998,1.711E+11,-1.849452863,-1.713899033,-1.922663728,-1.16065469,"{""type"":""MultiPoint"",""coordinates"":[]}"
30,-2.897151501,1.270909212,1.711E+11,-1.422286132,-0.678993086,-1.104372144,-0.943562577,"{""type"":""MultiPoint"",""coordinates"":[]}"
000000000000000000bb,-3.17296295,-0.773262662,1.711E+11,-1.874637944,-1.663582227,-2.001461274,-1.171381031,"{""type"":""MultiPoint"",""coordinates"":[]}"
000000000000000000bc,-3.096140767,0.129612424,1.711E+11,-1.730901354,-1.235205639,-1.559426977,-1.09076357,"{""type"":""MultiPoint"",""coordinates"":[]}"
1,-3.186779261,-1.469545126,1.702E+11,-1.911595583,-4.585912871,-2.08726263,-1.177119613,"{""type"":""MultiPoint"",""coordinates"":[]}"
2,-3.186779261,-1.469545126,1.702E+11,-1.911595583,-4.48331355,-2.08726263,-1.177119613,"{""type"":""MultiPoint"",""coordinates"":[]}"
3,-3.186779261,-1.469545126,1.702E+11,-1.911595583,-4.325310822,-2.08726263,-1.176302573,"{""type"":""MultiPoint"",""coordinates"":[]}"
4,-3.186779261,-1.469545126,1.702E+11,-1.911595583,-4.347610939,-2.087262628,-1.176050223,"{""type"":""MultiPoint"",""coordinates"":[]}"
5,-3.186779261,-1.469545126,1.702E+11,-1.911595181,-4.504400827,-2.055151923,-1.176445028,"{""type"":""MultiPoint"",""coordinates"":[]}"
6,-3.186779261,-1.469545126,1.702E+11,-1.911595583,-4.449507182,-2.08726263,-1.177119613,"{""type"":""MultiPoint"",""coordinates"":[]}"
7,-3.186779261,-1.469545126,1.702E+11,-1.911595583,-4.546979886,-2.08726263,-1.177119613,"{""type"":""MultiPoint"",""coordinates"":[]}"
8,-3.186779261,-1.469545126,1.702E+11,-1.911595583,-4.64655762,-2.08726263,-1.177119613,"{""type"":""MultiPoint"",""coordinates"":[]}"
9,-3.186779261,-1.469545126,1.702E+11,-1.911595583,-4.935670903,-2.08726263,-1.177119613,"{""type"":""MultiPoint"",""coordinates"":[]}"
0000000000000000000a,-3.186779261,-1.469545126,1.702E+11,-1.911595583,-4.824022243,-2.08726263,-1.177119613,"{""type"":""MultiPoint"",""coordinates"":[]}"
0000000000000000000b,-3.186779261,-1.469545126,1.702E+11,-1.911595583,-4.096320672,-2.08726263,-1.177119613,"{""type"":""MultiPoint"",""coordinates"":[]}"
0000000000000000000c,-3.186779261,-1.469545126,1.702E+11,-1.911595583,-4.410174392,-2.08726263,-1.177119613,"{""type"":""MultiPoint"",""coordinates"":[]}"
0000000000000000000d,-3.186779261,-1.469545126,1.702E+11,-1.911595583,-5.176910264,-2.084686883,-1.177119613,"{""type"":""MultiPoint"",""coordinates"":[]}"
0000000000000000000e,-3.186779261,-1.469545126,1.702E+11,-1.911595583,-5.565382173,-2.08726263,-1.177119613,"{""type"":""MultiPoint"",""coordinates"":[]}"
0000000000000000000f,-3.186777632,-1.469545126,1.702E+11,-1.911595583,-5.307477761,-2.085602054,-1.177119613,"{""type"":""MultiPoint"",""coordinates"":[]}"
10,-3.186638247,-1.469545126,1.702E+11,-1.911595583,-5.273283724,-2.086245531,-1.177119613,"{""type"":""MultiPoint"",""coordinates"":[]}"
11,-3.186779261,-1.469545126,1.702E+11,-1.911595583,-5.210065083,-2.072716387,-1.177119613,"{""type"":""MultiPoint"",""coordinates"":[]}"
12,-3.186735203,-1.469545126,1.702E+11,-1.911595583,-5.042045851,-2.076117304,-1.177119613,"{""type"":""MultiPoint"",""coordinates"":[]}"
13,-3.186779261,-1.469545126,1.702E+11,-1.911595583,-5.318229428,-2.053542919,-1.177119613,"{""type"":""MultiPoint"",""coordinates"":[]}"
14,-3.186474932,-1.469545126,1.702E+11,-1.911591885,-5.316060253,-1.950057863,-1.169236494,"{""type"":""MultiPoint"",""coordinates"":[]}"
15,-3.186765377,-1.469545126,1.702E+11,-1.911595583,-5.264215835,-2.085461557,-1.177119613,"{""type"":""MultiPoint"",""coordinates"":[]}"
16,-3.186779261,-1.469545126,1.702E+11,-1.911595583,-5.695541536,-2.087258596,-1.177119613,"{""type"":""MultiPoint"",""coordinates"":[]}"
17,-3.18653205,-1.469545126,1.703E+11,-1.911595583,-5.594277342,-2.074860456,-1.177119613,"{""type"":""MultiPoint"",""coordinates"":[]}"
18,-3.186779261,-1.469545126,1.703E+11,-1.911595583,-5.481655824,-2.086799174,-1.177119613,"{""type"":""MultiPoint"",""coordinates"":[]}"
19,-3.186779261,-1.469545126,1.703E+11,-1.911595583,-5.266698907,-2.051275159,-1.177119613,"{""type"":""MultiPoint"",""coordinates"":[]}"
0000000000000000001a,-3.186740269,-1.469537823,1.703E+11,-1.911595583,-4.568243533,-2.00505635,-1.177119613,"{""type"":""MultiPoint"",""coordinates"":[]}"
0000000000000000001b,-3.186779261,-1.469545126,1.703E+11,-1.911595583,-5.293227075,-2.057189639,-1.177119613,"{""type"":""MultiPoint"",""coordinates"":[]}"
0000000000000000001c,-3.186768695,-1.469545126,1.703E+11,-1.911595583,-6.170779673,-2.06018336,-1.17635308,"{""type"":""MultiPoint"",""coordinates"":[]}"
0000000000000000001d,-3.186779261,-1.469545126,1.703E+11,-1.911595583,-5.253079827,-2.074257575,-1.177119613,"{""type"":""MultiPoint"",""coordinates"":[]}"
0000000000000000001e,-3.186779261,-1.469545126,1.703E+11,-1.911595583,-5.780819857,-2.077116374,-1.177119613,"{""type"":""MultiPoint"",""coordinates"":[]}"
20,-3.186454277,-1.469545126,1.708E+11,-1.911593833,-5.389985654,-2.031832565,-1.17217645,"{""type"":""MultiPoint"",""coordinates"":[]}"
21,-3.170454499,-1.469545126,1.708E+11,-1.911594086,-5.460679135,-2.02215763,-1.167204381,"{""type"":""MultiPoint"",""coordinates"":[]}"
22,-3.185769969,-1.469545126,1.708E+11,-1.911595583,-5.278699607,-2.079137169,-1.177119613,"{""type"":""MultiPoint"",""coordinates"":[]}"
23,-3.181986982,-1.469535105,1.708E+11,-1.911595583,-4.709901031,-2.0369718,-1.175310952,"{""type"":""MultiPoint"",""coordinates"":[]}"
24,-3.181547212,-1.469542209,1.708E+11,-1.911595583,-4.843460749,-2.038135246,-1.177119613,"{""type"":""MultiPoint"",""coordinates"":[]}"
25,-3.15787777,-1.469538234,1.708E+11,-1.911595583,-3.339581572,-1.92566623,-1.177119613,"{""type"":""MultiPoint"",""coordinates"":[]}"
26,-3.186449223,-1.469541081,1.708E+11,-1.911595583,-5.064041734,-2.024358604,-1.177119613,"{""type"":""MultiPoint"",""coordinates"":[]}"
27,-3.185658261,-1.469516825,1.708E+11,-1.911588385,-4.343172324,-1.94712075,-1.175436218,"{""type"":""MultiPoint"",""coordinates"":[]}"
28,-3.186549944,-1.469545051,1.708E+11,-1.911595583,-4.654438707,-2.045767385,-1.177119613,"{""type"":""MultiPoint"",""coordinates"":[]}"
29,-3.185786078,-1.46952995,1.708E+11,-1.911595583,-5.558504205,-2.044420154,-1.177119613,"{""type"":""MultiPoint"",""coordinates"":[]}"
0000000000000000003a,-3.185201837,-1.469445989,1.71001E+11,-1.911595135,-3.491438451,-1.99763503,-1.177119613,"{""type"":""MultiPoint"",""coordinates"":[]}"
0000000000000000003b,-3.186742652,-1.469446886,1.71001E+11,-1.911595583,-3.475752625,-1.995316087,-1.177119613,"{""type"":""MultiPoint"",""coordinates"":[]}"
0000000000000000003c,-3.186716759,-1.469541613,1.71001E+11,-1.911595583,-6.179063807,-2.08157624,-1.177022213,"{""type"":""MultiPoint"",""coordinates"":[]}"
0000000000000000003d,-3.186150431,-1.469545126,1.71001E+11,-1.911595583,-5.942853975,-2.054405163,-1.172726186,"{""type"":""MultiPoint"",""coordinates"":[]}"
0000000000000000003e,-3.184542564,-1.469537281,1.71001E+11,-1.911595191,-5.000180471,-1.982994372,-1.170304762,"{""type"":""MultiPoint"",""coordinates"":[]}"
0000000000000000003f,-3.186471715,-1.46954156,1.71001E+11,-1.911595583,-4.527223774,-2.028630756,-1.177119613,"{""type"":""MultiPoint"",""coordinates"":[]}"
40,-3.179524429,-1.469507785,1.71001E+11,-1.911593232,-4.062585988,-1.923859075,-1.174082217,"{""type"":""MultiPoint"",""coordinates"":[]}"
41,-3.170737019,-1.469496399,1.71001E+11,-1.911595583,-3.880330045,-1.960209681,-1.17711178,"{""type"":""MultiPoint"",""coordinates"":[]}"
42,-3.186739533,-1.469545126,1.71001E+11,-1.911595583,-6.221721684,-2.08726263,-1.177119613,"{""type"":""MultiPoint"",""coordinates"":[]}"
43,-3.184071719,-1.469544886,1.71001E+11,-1.911595295,-3.18869679,-2.007799658,-1.177119613,"{""type"":""MultiPoint"",""coordinates"":[]}"
45,-3.186779261,-1.469545126,1.71001E+11,-1.911595583,-6.138684159,-2.08726263,-1.177119613,"{""type"":""MultiPoint"",""coordinates"":[]}"
46,-3.185799587,-1.469545126,1.71001E+11,-1.911595583,-6.13678091,-2.086805163,-1.177119613,"{""type"":""MultiPoint"",""coordinates"":[]}"
47,-3.186779261,-1.469545126,1.71001E+11,-1.911595583,-6.162010203,-2.08726263,-1.177119613,"{""type"":""MultiPoint"",""coordinates"":[]}"
48,-3.186779261,-1.469539197,1.71001E+11,-1.911595583,-6.089289851,-2.08726263,-1.177119613,"{""type"":""MultiPoint"",""coordinates"":[]}"
49,-3.186343716,-1.469545126,1.71001E+11,-1.911595583,-5.889537275,-2.085118786,-1.177119613,"{""type"":""MultiPoint"",""coordinates"":[]}"
0000000000000000004a,-3.185565001,-1.469512678,1.71001E+11,-1.911595583,-5.508987583,-2.022740197,-1.177119613,"{""type"":""MultiPoint"",""coordinates"":[]}"
0000000000000000004b,-3.166368644,-1.469499198,1.71001E+11,-1.911595583,-3.632430204,-1.976682656,-1.174793656,"{""type"":""MultiPoint"",""coordinates"":[]}"
0000000000000000004c,-2.992898712,-1.469018471,1.71001E+11,-1.911498815,-2.942738461,-1.570665636,-1.117179848,"{""type"":""MultiPoint"",""coordinates"":[]}"
0000000000000000004d,-3.183841994,-1.46954071,1.71001E+11,-1.911595583,-5.14646462,-1.981723691,-1.175703974,"{""type"":""MultiPoint"",""coordinates"":[]}"
0000000000000000004e,-3.184856073,-1.469544678,1.71001E+11,-1.911593121,-4.882254419,-2.043961581,-1.177119613,"{""type"":""MultiPoint"",""coordinates"":[]}"
0000000000000000004f,-3.1692735,-1.469315835,1.71001E+11,-1.911580608,-3.383051344,-1.965828031,-1.174763074,"{""type"":""MultiPoint"",""coordinates"":[]}"
50,-3.049877556,-1.469513516,1.71001E+11,-1.911593825,-3.723362039,-1.716536162,-1.174887123,"{""type"":""MultiPoint"",""coordinates"":[]}"
51,-3.131129013,-1.469455189,1.71001E+11,-1.911588535,-3.864049227,-1.783092162,-1.170747597,"{""type"":""MultiPoint"",""coordinates"":[]}"
52,-3.184885755,-1.467860574,1.711E+11,-1.911595583,-4.170012501,-2.08726263,-1.177119613,"{""type"":""MultiPoint"",""coordinates"":[]}"
53,-3.186705007,-1.439156286,1.711E+11,-1.911595583,-3.878370524,-2.08726263,-1.177119613,"{""type"":""MultiPoint"",""coordinates"":[]}"
54,-3.186488772,-1.438406132,1.711E+11,-1.911595583,-4.346496805,-2.086998717,-1.177119613,"{""type"":""MultiPoint"",""coordinates"":[]}"
55,-3.186779261,-1.462604844,1.711E+11,-1.911595583,-4.688593765,-2.08726263,-1.177119613,"{""type"":""MultiPoint"",""coordinates"":[]}"
56,-3.183253983,-1.015374402,1.711E+11,-1.877467282,-3.408837163,-1.994485295,-1.159584345,"{""type"":""MultiPoint"",""coordinates"":[]}"
57,-3.148464908,-1.038148531,1.711E+11,-1.7977037,-2.703477982,-1.555292727,-1.062312799,"{""type"":""MultiPoint"",""coordinates"":[]}"
58,-3.172792126,-0.376580951,1.711E+11,-1.829020097,-2.555440426,-1.900393657,-1.149993629,"{""type"":""MultiPoint"",""coordinates"":[]}"
60,-3.175941162,-1.374001645,1.711E+11,-1.899739448,-4.171486794,-2.062762009,-1.171861079,"{""type"":""MultiPoint"",""coordinates"":[]}"
61,-3.186348794,-1.430735979,1.711E+11,-1.908810529,-4.539904842,-2.074046069,-1.177117106,"{""type"":""MultiPoint"",""coordinates"":[]}"
62,-3.18653573,-1.41410393,1.711E+11,-1.900185397,-4.778035518,-2.058715272,-1.175407146,"{""type"":""MultiPoint"",""coordinates"":[]}"
63,-3.185471078,-1.422397649,1.711E+11,-1.911595583,-4.741256921,-2.086941358,-1.177119613,"{""type"":""MultiPoint"",""coordinates"":[]}"
64,-3.186700637,-1.447871808,1.711E+11,-1.899242497,-4.16415537,-2.041030774,-1.169427183,"{""type"":""MultiPoint"",""coordinates"":[]}"
65,-3.184743519,-1.383548672,1.711E+11,-1.894015194,-3.996474263,-2.029578033,-1.167242709,"{""type"":""MultiPoint"",""coordinates"":[]}"
66,-3.175983819,-1.19036728,1.711E+11,-1.883136706,-2.74002412,-1.989461696,-1.165045467,"{""type"":""MultiPoint"",""coordinates"":[]}"
67,-3.186693111,-1.325371438,1.711E+11,-1.906658527,-4.912196333,-2.078827548,-1.176987356,"{""type"":""MultiPoint"",""coordinates"":[]}"
68,-3.18677176,-1.424621909,1.711E+11,-1.908272799,-4.759807236,-2.082243055,-1.176486739,"{""type"":""MultiPoint"",""coordinates"":[]}"
69,-3.186702503,-1.332991951,1.711E+11,-1.907235115,-4.243117363,-2.061672052,-1.175816237,"{""type"":""MultiPoint"",""coordinates"":[]}"
0000000000000000006a,-3.186715204,-1.277095316,1.711E+11,-1.902817066,-4.889936682,-2.08726263,-1.177119613,"{""type"":""MultiPoint"",""coordinates"":[]}"
0000000000000000006b,-3.186660621,-1.398691814,1.711E+11,-1.911595583,-4.743651216,-2.083281924,-1.177103565,"{""type"":""MultiPoint"",""coordinates"":[]}"
0000000000000000006c,-3.186691448,-1.322142713,1.711E+11,-1.91156136,-4.555465295,-2.066646545,-1.177073355,"{""type"":""MultiPoint"",""coordinates"":[]}"
0000000000000000006d,-3.185678658,-1.335506907,1.711E+11,-1.910738214,-4.102650281,-2.0789848,-1.177001534,"{""type"":""MultiPoint"",""coordinates"":[]}"
0000000000000000006e,-3.180878202,-1.203098225,1.711E+11,-1.900007266,-3.090953909,-1.992322857,-1.171229839,"{""type"":""MultiPoint"",""coordinates"":[]}"
0000000000000000006f,-3.17562457,-1.281748044,1.711E+11,-1.893392564,-3.092162753,-1.81554119,-1.161455191,"{""type"":""MultiPoint"",""coordinates"":[]}"
70,-3.181499126,-1.286464892,1.711E+11,-1.894023044,-3.475261014,-1.982495024,-1.170590975,"{""type"":""MultiPoint"",""coordinates"":[]}"
71,-3.174466416,-0.543350537,1.711E+11,-1.868237876,-2.585341269,-1.953458566,-1.157517349,"{""type"":""MultiPoint"",""coordinates"":[]}"
72,-3.09518766,1.405834022,1.711E+11,-1.715793447,-0.351414311,-1.600935483,-1.073196519,"{""type"":""MultiPoint"",""coordinates"":[]}"
73,-3.147019778,-1.23433327,1.711E+11,-1.825826215,-2.575802235,-1.848695971,-1.141010689,"{""type"":""MultiPoint"",""coordinates"":[]}"
76,-1.83372006,-0.346238219,1.711E+11,-0.901543984,-0.627693457,-0.627819237,-0.579580502,"{""type"":""MultiPoint"",""coordinates"":[]}"
78,-3.186779261,-1.466814914,1.711E+11,-1.911595583,-4.309397401,-2.08726263,-1.177119613,"{""type"":""MultiPoint"",""coordinates"":[]}"
79,-3.186779261,-1.451977378,1.711E+11,-1.911595583,-4.39650744,-2.08726263,-1.177119613,"{""type"":""MultiPoint"",""coordinates"":[]}"
0000000000000000007a,-3.186779261,-1.464012444,1.711E+11,-1.911595583,-4.093111945,-2.08726263,-1.177119613,"{""type"":""MultiPoint"",""coordinates"":[]}"
0000000000000000007b,-3.186779261,-1.463748377,1.711E+11,-1.908843922,-4.552910601,-2.08726263,-1.177119613,"{""type"":""MultiPoint"",""coordinates"":[]}"
0000000000000000007c,-3.186779261,-1.468077472,1.711E+11,-1.903372951,-4.353929925,-2.04406725,-1.170887309,"{""type"":""MultiPoint"",""coordinates"":[]}"
0000000000000000007d,-3.186779261,-1.459025704,1.711E+11,-1.911595583,-4.122596479,-2.08477985,-1.177119613,"{""type"":""MultiPoint"",""coordinates"":[]}"
0000000000000000007e,-3.186779261,-1.459492073,1.711E+11,-1.900609838,-4.214011706,-2.03504289,-1.170565683,"{""type"":""MultiPoint"",""coordinates"":[]}"
0000000000000000007f,-3.186623527,-1.447586842,1.711E+11,-1.911593235,-3.805807657,-2.08726263,-1.177119613,"{""type"":""MultiPoint"",""coordinates"":[]}"
80,-3.186779261,-1.459824037,1.711E+11,-1.911557442,-3.49259732,-2.08726263,-1.177119613,"{""type"":""MultiPoint"",""coordinates"":[]}"
81,-3.186779261,-1.396904829,1.711E+11,-1.911595583,-4.05768414,-2.08726263,-1.177119613,"{""type"":""MultiPoint"",""coordinates"":[]}"
82,-3.186779261,-1.455361013,1.711E+11,-1.910824185,-2.977595206,-2.08726263,-1.177119613,"{""type"":""MultiPoint"",""coordinates"":[]}"
83,-3.186693893,-1.416155822,1.711E+11,-1.911586274,-3.080948681,-2.08726263,-1.177119613,"{""type"":""MultiPoint"",""coordinates"":[]}"
84,-3.186779261,-1.453656983,1.711E+11,-1.907411201,-4.090207116,-2.057403776,-1.173915932,"{""type"":""MultiPoint"",""coordinates"":[]}"
85,-3.186779261,-1.458511584,1.711E+11,-1.911575409,-4.035102528,-2.08726263,-1.177119613,"{""type"":""MultiPoint"",""coordinates"":[]}"
86,-3.186779261,-1.459812176,1.711E+11,-1.911595583,-4.651119659,-2.08726263,-1.177119613,"{""type"":""MultiPoint"",""coordinates"":[]}"
87,-3.186779261,-1.442358871,1.711E+11,-1.908504116,-4.755760644,-2.08726263,-1.177119613,"{""type"":""MultiPoint"",""coordinates"":[]}"
88,-3.186779261,-1.441207898,1.711E+11,-1.911595583,-3.892241264,-2.08726263,-1.177119613,"{""type"":""MultiPoint"",""coordinates"":[]}"
89,-3.186257185,-1.349102863,1.711E+11,-1.911262612,-3.516430994,-2.082451651,-1.176968103,"{""type"":""MultiPoint"",""coordinates"":[]}"
0000000000000000008a,-3.18628407,-1.406140614,1.711E+11,-1.911424957,-3.487946919,-2.085639386,-1.177119613,"{""type"":""MultiPoint"",""coordinates"":[]}"
0000000000000000008b,-3.186287604,-1.451685461,1.711E+11,-1.911595583,-3.932565107,-2.085539826,-1.177119613,"{""type"":""MultiPoint"",""coordinates"":[]}"
0000000000000000008c,-3.186779261,-1.452002814,1.711E+11,-1.911595583,-4.656528494,-2.073568081,-1.176305637,"{""type"":""MultiPoint"",""coordinates"":[]}"
0000000000000000008d,-3.186779261,-1.443018193,1.711E+11,-1.911595583,-4.742423339,-2.086389625,-1.177060677,"{""type"":""MultiPoint"",""coordinates"":[]}"
0000000000000000008e,-3.186659027,-1.436278806,1.711E+11,-1.911595583,-4.498489351,-2.087237251,-1.177119613,"{""type"":""MultiPoint"",""coordinates"":[]}"
0000000000000000008f,-3.186171115,-1.43561079,1.711E+11,-1.911458577,-3.900034532,-2.061746186,-1.176722989,"{""type"":""MultiPoint"",""coordinates"":[]}"
90,-3.185087261,-1.347365805,1.711E+11,-1.887153431,-2.908176155,-1.993320701,-1.166462357,"{""type"":""MultiPoint"",""coordinates"":[]}"
91,-3.186250222,-1.331319633,1.711E+11,-1.911595583,-3.791800578,-2.08726263,-1.177119613,"{""type"":""MultiPoint"",""coordinates"":[]}"
92,-3.186667613,-1.437721816,1.711E+11,-1.898989135,-2.719816562,-2.017876721,-1.169077689,"{""type"":""MultiPoint"",""coordinates"":[]}"
93,-3.186697105,-1.383421627,1.711E+11,-1.905171664,-3.701981005,-2.054985143,-1.174995124,"{""type"":""MultiPoint"",""coordinates"":[]}"
94,-3.18637522,-1.347836119,1.711E+11,-1.910767572,-3.562151587,-2.078636408,-1.176812117,"{""type"":""MultiPoint"",""coordinates"":[]}"
95,-3.186650528,-1.393327734,1.711E+11,-1.910021859,-4.140702845,-2.073108288,-1.176758233,"{""type"":""MultiPoint"",""coordinates"":[]}"
96,-3.186433013,-1.28392447,1.711E+11,-1.911595583,-3.862060827,-2.08726263,-1.177119613,"{""type"":""MultiPoint"",""coordinates"":[]}"
97,-3.184128432,-1.305372585,1.711E+11,-1.911595583,-3.742434125,-2.085670035,-1.177119613,"{""type"":""MultiPoint"",""coordinates"":[]}"
98,-3.186657935,-1.388449217,1.711E+11,-1.904091215,-3.555326835,-2.074346469,-1.177119613,"{""type"":""MultiPoint"",""coordinates"":[]}"
99,-3.182751756,-1.286816157,1.711E+11,-1.905607254,-3.917110823,-2.082160434,-1.176551393,"{""type"":""MultiPoint"",""coordinates"":[]}"
0000000000000000009a,-3.186776947,-1.442550179,1.711E+11,-1.910414321,-4.769976679,-2.083384001,-1.176905252,"{""type"":""MultiPoint"",""coordinates"":[]}"
0000000000000000009b,-3.183163745,-1.171908239,1.711E+11,-1.89187425,-2.875159145,-2.00193692,-1.166642153,"{""type"":""MultiPoint"",""coordinates"":[]}"
0000000000000000009d,-3.186221479,-1.407341721,1.711E+11,-1.907787851,-4.704152427,-2.062713447,-1.176102515,"{""type"":""MultiPoint"",""coordinates"":[]}"
0000000000000000009e,-3.183540826,-1.288954103,1.711E+11,-1.892700819,-3.664276861,-2.048707354,-1.172768536,"{""type"":""MultiPoint"",""coordinates"":[]}"
0000000000000000009f,-3.18672182,-1.452062307,1.711E+11,-1.911595583,-5.206166024,-2.08726263,-1.177119613,"{""type"":""MultiPoint"",""coordinates"":[]}"
000000000000000000a0,-3.186779261,-1.453074689,1.711E+11,-1.911595583,-5.745980139,-2.08726263,-1.177119613,"{""type"":""MultiPoint"",""coordinates"":[]}"
000000000000000000a1,-3.183973902,-1.430982945,1.711E+11,-1.909835758,-5.031137665,-2.07951982,-1.175096497,"{""type"":""MultiPoint"",""coordinates"":[]}"
000000000000000000a2,-3.186779261,-1.46214808,1.711E+11,-1.911595583,-5.237302773,-2.086597804,-1.176970096,"{""type"":""MultiPoint"",""coordinates"":[]}"
000000000000000000a3,-3.186662194,-1.443211724,1.711E+11,-1.911429258,-4.639464422,-2.075697448,-1.176969473,"{""type"":""MultiPoint"",""coordinates"":[]}"
000000000000000000a4,-3.186777867,-1.447491099,1.711E+11,-1.911595583,-5.544086617,-2.08726263,-1.177119613,"{""type"":""MultiPoint"",""coordinates"":[]}"
000000000000000000a5,-3.186779261,-1.462595996,1.711E+11,-1.911595583,-5.190555175,-2.08726263,-1.177119613,"{""type"":""MultiPoint"",""coordinates"":[]}"
000000000000000000a6,-3.186779261,-1.459709346,1.711E+11,-1.911595583,-5.144794014,-2.086916277,-1.177119613,"{""type"":""MultiPoint"",""coordinates"":[]}"
000000000000000000a7,-3.186779261,-1.443112581,1.711E+11,-1.911595583,-4.862924159,-2.086719176,-1.177119613,"{""type"":""MultiPoint"",""coordinates"":[]}"
000000000000000000a8,-3.186779261,-1.468128264,1.711E+11,-1.911595583,-5.364436639,-2.087200957,-1.177119613,"{""type"":""MultiPoint"",""coordinates"":[]}"
000000000000000000a9,-3.186779261,-1.450091307,1.711E+11,-1.911595583,-4.694604708,-2.08347325,-1.177119613,"{""type"":""MultiPoint"",""coordinates"":[]}"
000000000000000000aa,-3.186776859,-1.459958393,1.711E+11,-1.911595583,-4.806290544,-2.086270324,-1.177119613,"{""type"":""MultiPoint"",""coordinates"":[]}"
000000000000000000ab,-3.186767673,-1.450669387,1.711E+11,-1.911595583,-4.738473472,-2.084621881,-1.177011908,"{""type"":""MultiPoint"",""coordinates"":[]}"
000000000000000000ac,-3.186759509,-1.413813882,1.711E+11,-1.911595583,-3.978114915,-2.065350543,-1.177119613,"{""type"":""MultiPoint"",""coordinates"":[]}"
000000000000000000ad,-3.18565116,-1.405388676,1.711E+11,-1.910657142,-4.039408415,-2.075343973,-1.174714792,"{""type"":""MultiPoint"",""coordinates"":[]}"
000000000000000000ae,-3.185831791,-1.326219461,1.711E+11,-1.910908072,-3.287587153,-2.06107263,-1.176347286,"{""type"":""MultiPoint"",""coordinates"":[]}"
000000000000000000af,-3.185749211,-1.376686467,1.711E+11,-1.896581288,-3.674697897,-2.053696315,-1.173274581,"{""type"":""MultiPoint"",""coordinates"":[]}"
000000000000000000b0,-3.185862222,-1.299447366,1.711E+11,-1.911527722,-4.688923906,-2.086111441,-1.177103803,"{""type"":""MultiPoint"",""coordinates"":[]}"
000000000000000000b1,-3.182703522,-0.76729437,1.711E+11,-1.877225083,-2.568561867,-1.925298086,-1.154678245,"{""type"":""MultiPoint"",""coordinates"":[]}"
000000000000000000dc,-3.18677603,-1.449829524,1.711E+11,-1.911105506,-4.205248361,-2.085038436,-1.177088424,"{""type"":""MultiPoint"",""coordinates"":[]}"
000000000000000000dd,-3.137894419,-0.789786807,1.711E+11,-1.853125534,-2.586787228,-1.966560939,-1.161307027,"{""type"":""MultiPoint"",""coordinates"":[]}"
000000000000000000de,-3.186779261,-1.44625224,1.711E+11,-1.908925354,-5.309668474,-2.069075335,-1.177119613,"{""type"":""MultiPoint"",""coordinates"":[]}"
000000000000000000df,-3.185314986,-1.098331277,1.711E+11,-1.869195659,-3.911067289,-2.005931677,-1.160877406,"{""type"":""MultiPoint"",""coordinates"":[]}"
0.00E+00,-3.184364402,-1.221068758,1.711E+11,-1.910676987,-3.86020496,-2.069408933,-1.1764059,"{""type"":""MultiPoint"",""coordinates"":[]}"
0.00E+00,-3.173111835,-0.628593125,1.711E+11,-1.846642943,-3.780681896,-1.940769533,-1.149862102,"{""type"":""MultiPoint"",""coordinates"":[]}"
0.00E+00,-3.180972367,-0.767520213,1.711E+11,-1.871925946,-3.718825312,-1.98718907,-1.155885828,"{""type"":""MultiPoint"",""coordinates"":[]}"
0.00E+00,-3.185803746,-1.248852454,1.711E+11,-1.902562581,-4.886811437,-2.080120873,-1.176110567,"{""type"":""MultiPoint"",""coordinates"":[]}"
0.00E+00,-3.167578501,-0.679847278,1.711E+11,-1.86699596,-3.647737999,-1.952808724,-1.163894555,"{""type"":""MultiPoint"",""coordinates"":[]}"
0.00E+00,-3.169401307,-0.458636868,1.711E+11,-1.857401094,-3.26503311,-1.926977565,-1.152696188,"{""type"":""MultiPoint"",""coordinates"":[]}"
0.00E+00,-3.003577692,-0.175106244,1.711E+11,-1.691551376,-2.797466712,-1.663292803,-1.102021776,"{""type"":""MultiPoint"",""coordinates"":[]}"
0.00E+00,-3.186760056,-1.437745142,1.711E+11,-1.911595583,-4.667455246,-2.075322845,-1.177094061,"{""type"":""MultiPoint"",""coordinates"":[]}"
0.00E+00,-3.184845673,-0.953633157,1.711E+11,-1.903705657,-3.778146758,-2.048907588,-1.172249415,"{""type"":""MultiPoint"",""coordinates"":[]}"
0.00E+00,-3.185029655,-1.052973042,1.711E+11,-1.887519644,-3.401441583,-1.993099011,-1.16587676,"{""type"":""MultiPoint"",""coordinates"":[]}"
000000000000000000ea,-3.186146924,-1.225436097,1.711E+11,-1.909070506,-4.641363819,-2.07201693,-1.175689271,"{""type"":""MultiPoint"",""coordinates"":[]}"
000000000000000000eb,-3.183665324,-1.01155357,1.711E+11,-1.891611905,-3.796941655,-2.012404048,-1.165238765,"{""type"":""MultiPoint"",""coordinates"":[]}"
000000000000000000ec,-3.1864489,-1.413720502,1.711E+11,-1.910550156,-5.429170289,-2.087023385,-1.177096641,"{""type"":""MultiPoint"",""coordinates"":[]}"
000000000000000000ed,-3.181997966,-1.229154649,1.711E+11,-1.908267569,-4.807799652,-2.056268674,-1.175152209,"{""type"":""MultiPoint"",""coordinates"":[]}"
000000000000000000ee,-3.180826285,-0.745258372,1.711E+11,-1.890234123,-3.625704799,-1.995693868,-1.163411762,"{""type"":""MultiPoint"",""coordinates"":[]}"
000000000000000000ef,-3.185223373,-1.398596494,1.711E+11,-1.905141676,-4.786205367,-2.072055914,-1.173925198,"{""type"":""MultiPoint"",""coordinates"":[]}"
000000000000000000f0,-3.186284087,-1.390212695,1.711E+11,-1.90591906,-4.507522342,-2.026767432,-1.173503069,"{""type"":""MultiPoint"",""coordinates"":[]}"
000000000000000000f1,-3.186656533,-1.389117371,1.711E+11,-1.911595583,-4.992353038,-2.054156718,-1.177119613,"{""type"":""MultiPoint"",""coordinates"":[]}"
000000000000000000f2,-3.179588315,-0.752503875,1.711E+11,-1.876537436,-3.792840907,-1.999075217,-1.171349757,"{""type"":""MultiPoint"",""coordinates"":[]}"
000000000000000000f3,-3.177704504,-1.136289618,1.711E+11,-1.884657038,-3.864495313,-1.943763367,-1.171491554,"{""type"":""MultiPoint"",""coordinates"":[]}"
000000000000000000f4,-3.168611044,-1.144693505,1.711E+11,-1.888976999,-3.948424502,-2.011844412,-1.167817429,"{""type"":""MultiPoint"",""coordinates"":[]}"
000000000000000000f5,-3.185811457,-1.300732506,1.711E+11,-1.897088911,-4.471214466,-2.015645634,-1.173185207,"{""type"":""MultiPoint"",""coordinates"":[]}"
000000000000000000f6,-3.161979534,-0.282608042,1.711E+11,-1.8553622,-3.236396838,-1.894855844,-1.151130503,"{""type"":""MultiPoint"",""coordinates"":[]}"
000000000000000000f7,-3.137820361,-0.407472406,1.711E+11,-1.795898328,-2.731737695,-1.662658673,-1.063405237,"{""type"":""MultiPoint"",""coordinates"":[]}"
000000000000000000f8,-3.075925905,0.231763639,1.711E+11,-1.739638776,-2.512193652,-1.780999967,-1.120717102,"{""type"":""MultiPoint"",""coordinates"":[]}"
000000000000000000f9,-3.186779261,-1.465276228,1.711E+11,-1.906757796,-5.398270184,-2.08411742,-1.176668981,"{""type"":""MultiPoint"",""coordinates"":[]}"
000000000000000000fa,-3.186609041,-1.445345399,1.711E+11,-1.910742973,-4.818086911,-2.069687409,-1.176789974,"{""type"":""MultiPoint"",""coordinates"":[]}"
000000000000000000fb,-3.186645835,-1.439224993,1.711E+11,-1.882122148,-5.069791112,-1.936308934,-1.142039165,"{""type"":""MultiPoint"",""coordinates"":[]}"
000000000000000000fc,-3.186779261,-1.454458745,1.711E+11,-1.911486324,-5.021078202,-2.086806516,-1.177119613,"{""type"":""MultiPoint"",""coordinates"":[]}"
000000000000000000fd,-3.186779261,-1.458602339,1.711E+11,-1.911264472,-4.556701514,-2.074078465,-1.177119613,"{""type"":""MultiPoint"",""coordinates"":[]}"
000000000000000000fe,-3.186480188,-1.419723387,1.711E+11,-1.909935966,-4.639182095,-2.071332724,-1.176513135,"{""type"":""MultiPoint"",""coordinates"":[]}"
000000000000000000ff,-3.186725785,-1.438738995,1.711E+11,-1.898396836,-4.394788261,-2.005163812,-1.163949459,"{""type"":""MultiPoint"",""coordinates"":[]}"
100,-3.186764926,-1.417561464,1.711E+11,-1.908735278,-4.03966564,-2.068581632,-1.177028921,"{""type"":""MultiPoint"",""coordinates"":[]}"
101,-3.184543255,-1.353812656,1.711E+11,-1.881945096,-3.620875157,-1.949634207,-1.156159536,"{""type"":""MultiPoint"",""coordinates"":[]}"
102,-3.186693589,-1.446711853,1.711E+11,-1.911595583,-5.209580788,-2.087262401,-1.177119613,"{""type"":""MultiPoint"",""coordinates"":[]}"
103,-3.185358894,-1.383240557,1.711E+11,-1.911121644,-4.644371678,-2.078984682,-1.176225234,"{""type"":""MultiPoint"",""coordinates"":[]}"
104,-3.183789907,-1.417117542,1.711E+11,-1.911595583,-4.940146457,-2.08726263,-1.177119613,"{""type"":""MultiPoint"",""coordinates"":[]}"
105,-3.173918286,-1.342457257,1.711E+11,-1.889317747,-3.908824771,-1.989633173,-1.163364375,"{""type"":""MultiPoint"",""coordinates"":[]}"
106,-3.176733488,-1.383915934,1.711E+11,-1.904398964,-4.237513674,-2.065752599,-1.173770176,"{""type"":""MultiPoint"",""coordinates"":[]}"
107,-3.140156271,-0.878314479,1.711E+11,-1.850558109,-3.398091333,-1.957736876,-1.156123357,"{""type"":""MultiPoint"",""coordinates"":[]}"
108,-3.12163253,-0.864774909,1.711E+11,-1.845648596,-2.725391318,-1.91836504,-1.154086163,"{""type"":""MultiPoint"",""coordinates"":[]}"
109,-3.183185913,-1.429504398,1.711E+11,-1.906767456,-5.080114765,-2.065673152,-1.177060427,"{""type"":""MultiPoint"",""coordinates"":[]}"
0000000000000000010a,-3.180675308,-1.386562758,1.711E+11,-1.901417567,-4.733320795,-2.074539008,-1.176533126,"{""type"":""MultiPoint"",""coordinates"":[]}"
0000000000000000010b,-3.185283531,-1.306334065,1.711E+11,-1.903117477,-4.416492522,-1.948280441,-1.176443703,"{""type"":""MultiPoint"",""coordinates"":[]}"
0000000000000000010c,-3.186530474,-1.400662582,1.711E+11,-1.908892185,-5.091945563,-2.087221308,-1.177119613,"{""type"":""MultiPoint"",""coordinates"":[]}"
0000000000000000010d,-3.186414293,-1.431857469,1.711E+11,-1.911595583,-4.961053278,-2.087036002,-1.177119613,"{""type"":""MultiPoint"",""coordinates"":[]}"
0000000000000000010e,-3.186688409,-1.379167379,1.711E+11,-1.911595583,-4.606264567,-2.072387983,-1.177119613,"{""type"":""MultiPoint"",""coordinates"":[]}"
0000000000000000010f,-3.186721533,-1.396749291,1.711E+11,-1.907728414,-4.72362138,-2.084516576,-1.177119613,"{""type"":""MultiPoint"",""coordinates"":[]}"
110,-3.182739278,-1.383468187,1.711E+11,-1.861606971,-4.831710849,-1.757976331,-1.071212696,"{""type"":""MultiPoint"",""coordinates"":[]}"
111,-3.139025081,-1.235361507,1.711E+11,-1.827680286,-3.304071313,-1.61079972,-1.066274293,"{""type"":""MultiPoint"",""coordinates"":[]}"
112,-3.183128642,-0.832299836,1.711E+11,-1.897375736,-1.97259918,-1.987001712,-1.174445174,"{""type"":""MultiPoint"",""coordinates"":[]}"
113,-3.179966076,-1.084872805,1.711E+11,-1.894808306,-2.224129689,-1.8677012,-1.171840759,"{""type"":""MultiPoint"",""coordinates"":[]}"
114,-3.180704508,-1.155875428,1.711E+11,-1.885257109,-3.608088527,-1.941123478,-1.172257762,"{""type"":""MultiPoint"",""coordinates"":[]}"
115,-3.031605186,-0.961548337,1.711E+11,-1.720656649,-3.096318382,-1.528832035,-0.978265095,"{""type"":""MultiPoint"",""coordinates"":[]}"
116,-3.17386768,-1.277781171,1.711E+11,-1.878382739,-3.512415646,-1.981264653,-1.167425135,"{""type"":""MultiPoint"",""coordinates"":[]}"
117,-3.175613614,-1.363295989,1.711E+11,-1.904221422,-4.861902578,-2.064844734,-1.177119613,"{""type"":""MultiPoint"",""coordinates"":[]}"
118,-3.182077523,-1.436852786,1.711E+11,-1.901345032,-4.925706233,-2.074785835,-1.177119613,"{""type"":""MultiPoint"",""coordinates"":[]}"
119,-3.181559887,-1.260390367,1.711E+11,-1.890953923,-3.42899806,-2.072747458,-1.177119613,"{""type"":""MultiPoint"",""coordinates"":[]}"
0000000000000000011a,-3.183599806,-1.301777482,1.711E+11,-1.895658077,-3.188780701,-1.931191952,-1.177119613,"{""type"":""MultiPoint"",""coordinates"":[]}"
0000000000000000011b,-3.062417448,-0.063082835,1.711E+11,-1.703243737,-1.428379861,-1.430119621,-1.061116573,"{""type"":""MultiPoint"",""coordinates"":[]}"
0000000000000000011c,-3.163261355,-0.78918217,1.711E+11,-1.833890084,-2.053087652,-1.906534831,-1.148341215,"{""type"":""MultiPoint"",""coordinates"":[]}"
0000000000000000011d,-3.155927027,-0.974961699,1.711E+11,-1.870237,-3.479364354,-1.990764879,-1.167470331,"{""type"":""MultiPoint"",""coordinates"":[]}"
0000000000000000011e,-2.821089586,0.379018561,1.711E+11,-1.581593414,-2.149143774,-1.462804229,-1.064307424,"{""type"":""MultiPoint"",""coordinates"":[]}"
0000000000000000011f,-2.94558059,0.169347533,1.711E+11,-1.662023573,-1.954082818,-1.512599485,-1.078574869,"{""type"":""MultiPoint"",""coordinates"":[]}"
120,-3.186779261,-1.436343168,1.711E+11,-1.908805401,-5.005655794,-2.00508237,-1.177119613,"{""type"":""MultiPoint"",""coordinates"":[]}"
121,-3.186713964,-1.457108725,1.711E+11,-1.893847724,-4.840827153,-1.956285035,-1.177119613,"{""type"":""MultiPoint"",""coordinates"":[]}"
122,-3.185386927,-1.44592627,1.711E+11,-1.889630031,-4.053451666,-1.964050866,-1.17668516,"{""type"":""MultiPoint"",""coordinates"":[]}"
123,-3.116820572,-0.680284589,1.711E+11,-1.762733157,-2.118932383,-1.643005058,-1.114684248,"{""type"":""MultiPoint"",""coordinates"":[]}"
124,-2.961445988,-0.810936814,1.711E+11,-1.68731238,-2.40800006,-1.275165935,-0.972952596,"{""type"":""MultiPoint"",""coordinates"":[]}"
125,-1.473620456,-0.122897348,1.711E+11,-1.019475911,-0.940534032,0.045999082,-0.354410991,"{""type"":""MultiPoint"",""coordinates"":[]}"
126,-2.750786114,-0.154605632,1.711E+11,-1.470395608,-1.034319449,-0.988219733,-0.939517141,"{""type"":""MultiPoint"",""coordinates"":[]}"
127,-2.292971991,-0.42675942,1.711E+11,-1.381747364,-0.730128618,-0.787935327,-0.783030329,"{""type"":""MultiPoint"",""coordinates"":[]}"
128,-3.186779261,-1.436683303,1.711E+11,-1.908909108,-4.776611636,-1.995886306,-1.177119613,"{""type"":""MultiPoint"",""coordinates"":[]}"
129,-3.186779261,-1.445750717,1.711E+11,-1.898866702,-4.401986377,-1.99542443,-1.177119613,"{""type"":""MultiPoint"",""coordinates"":[]}"
0000000000000000012a,-3.186770183,-1.402876215,1.711E+11,-1.900722509,-4.172264778,-1.952989889,-1.177119613,"{""type"":""MultiPoint"",""coordinates"":[]}"
0000000000000000012b,-3.186779261,-1.407690333,1.711E+11,-1.906551316,-4.295639407,-2.029946819,-1.177119613,"{""type"":""MultiPoint"",""coordinates"":[]}"
0000000000000000012c,-3.186746442,-1.384571382,1.711E+11,-1.905868575,-4.497021359,-1.964281772,-1.177119613,"{""type"":""MultiPoint"",""coordinates"":[]}"
0000000000000000012d,-3.186779261,-1.395104568,1.711E+11,-1.900141085,-4.035518997,-2.014130838,-1.17630167,"{""type"":""MultiPoint"",""coordinates"":[]}"
0000000000000000012e,-3.185524192,-1.403035183,1.711E+11,-1.903688054,-4.333432418,-1.963310806,-1.177119613,"{""type"":""MultiPoint"",""coordinates"":[]}"
0000000000000000012f,-3.185605943,-1.358058349,1.711E+11,-1.900543822,-3.979328381,-2.054860621,-1.177050042,"{""type"":""MultiPoint"",""coordinates"":[]}"
130,-3.167670889,-1.352812895,1.711E+11,-1.865617093,-4.047131889,-2.002150922,-1.175734435,"{""type"":""MultiPoint"",""coordinates"":[]}"
131,-2.920929591,-0.281918262,1.711E+11,-1.630436657,-1.618415087,-1.337897015,-1.05967576,"{""type"":""MultiPoint"",""coordinates"":[]}"
132,-2.311280174,0.124646907,1.711E+11,-1.321261047,-0.927033899,-0.832449973,-0.865136944,"{""type"":""MultiPoint"",""coordinates"":[]}"
133,-3.146175118,-1.453000605,1.711E+11,-1.91049686,-6.390618683,-2.085570465,-1.177119613,"{""type"":""MultiPoint"",""coordinates"":[]}"
134,-3.16461158,-1.213174696,1.711E+11,-1.869433767,-3.907626976,-2.000984497,-1.165851948,"{""type"":""MultiPoint"",""coordinates"":[]}"
135,-3.100899576,-0.851677274,1.711E+11,-1.835975335,-3.696106294,-1.887182133,-1.146814252,"{""type"":""MultiPoint"",""coordinates"":[]}"
136,-3.140843413,-1.431004048,1.711E+11,-1.904899897,-5.555058405,-2.054982548,-1.175239579,"{""type"":""MultiPoint"",""coordinates"":[]}"
137,-3.176282867,-1.200403047,1.711E+11,-1.885772985,-3.847316635,-1.993607476,-1.169457728,"{""type"":""MultiPoint"",""coordinates"":[]}"
138,-3.146242513,-1.419430496,1.711E+11,-1.90681665,-6.10167953,-2.046845506,-1.172294616,"{""type"":""MultiPoint"",""coordinates"":[]}"
139,-3.169915858,-1.428990465,1.711E+11,-1.908261502,-6.070118394,-2.086538754,-1.177119613,"{""type"":""MultiPoint"",""coordinates"":[]}"
0000000000000000013a,-3.159847898,-1.030397597,1.711E+11,-1.866925102,-3.424427451,-1.978077532,-1.161874815,"{""type"":""MultiPoint"",""coordinates"":[]}"
0000000000000000013b,-3.183184249,-1.458245817,1.711E+11,-1.911595583,-6.468659402,-2.078683627,-1.177119613,"{""type"":""MultiPoint"",""coordinates"":[]}"
0000000000000000013c,-3.186779261,-1.466030423,1.711E+11,-1.911595583,-5.970454706,-2.081399347,-1.177119613,"{""type"":""MultiPoint"",""coordinates"":[]}"
0000000000000000013d,-3.186761959,-1.439951021,1.711E+11,-1.907023034,-4.812368589,-1.990616271,-1.176745181,"{""type"":""MultiPoint"",""coordinates"":[]}"
0000000000000000013e,-3.184642917,-1.4655563,1.711E+11,-1.901229289,-6.328415862,-1.990856306,-1.160708935,"{""type"":""MultiPoint"",""coordinates"":[]}"
140,-3.185750142,-1.406808596,1.711E+11,-1.911489303,-5.336570182,-1.999140263,-1.177119613,"{""type"":""MultiPoint"",""coordinates"":[]}"
141,-3.186587849,-1.419278767,1.711E+11,-1.892254222,-5.299679176,-1.998562207,-1.163850313,"{""type"":""MultiPoint"",""coordinates"":[]}"
142,-3.182308042,-1.351092109,1.711E+11,-1.895906935,-4.442448123,-1.99915833,-1.167701639,"{""type"":""MultiPoint"",""coordinates"":[]}"
143,-3.185434514,-1.404045605,1.711E+11,-1.911595583,-5.385035691,-2.033747508,-1.177119613,"{""type"":""MultiPoint"",""coordinates"":[]}"
144,-3.104659262,-0.923887048,1.711E+11,-1.837464133,-3.641000369,-1.905559897,-1.150643707,"{""type"":""MultiPoint"",""coordinates"":[]}"
145,-3.033139547,-0.72723477,1.711E+11,-1.800002466,-2.442205551,-1.874041872,-1.143347345,"{""type"":""MultiPoint"",""coordinates"":[]}"
146,-3.174531672,-1.452693017,1.711E+11,-1.910881261,-6.150572522,-2.06977101,-1.174138783,"{""type"":""MultiPoint"",""coordinates"":[]}"
147,-3.186687849,-1.464522008,1.711E+11,-1.910940715,-5.165381653,-2.05774287,-1.175678427,"{""type"":""MultiPoint"",""coordinates"":[]}"
148,-3.112560911,-1.452604921,1.711E+11,-1.902338932,-6.173028525,-2.067539782,-1.169192544,"{""type"":""MultiPoint"",""coordinates"":[]}"
149,-3.151504055,-1.453005509,1.711E+11,-1.898287031,-5.888531301,-1.947762546,-1.145571337,"{""type"":""MultiPoint"",""coordinates"":[]}"
0000000000000000014a,-3.186724491,-1.446965863,1.711E+11,-1.911595583,-5.145699505,-2.039325767,-1.176930874,"{""type"":""MultiPoint"",""coordinates"":[]}"
0000000000000000014b,-3.170030528,-1.375659316,1.711E+11,-1.87663468,-4.143845827,-1.963236001,-1.159002424,"{""type"":""MultiPoint"",""coordinates"":[]}"
0000000000000000014c,-3.139617252,-1.434298563,1.711E+11,-1.889386903,-4.972290887,-2.015008574,-1.160938154,"{""type"":""MultiPoint"",""coordinates"":[]}"
0000000000000000014d,-3.186404636,-1.458429823,1.711E+11,-1.906229721,-5.061720503,-2.051677528,-1.174814431,"{""type"":""MultiPoint"",""coordinates"":[]}"
0000000000000000014e,-3.183829383,-1.412381839,1.711E+11,-1.905126816,-4.920694925,-2.036451568,-1.176937763,"{""type"":""MultiPoint"",""coordinates"":[]}"
0000000000000000014f,-3.123413999,-1.290310731,1.711E+11,-1.878464768,-3.938110587,-1.969448329,-1.151824199,"{""type"":""MultiPoint"",""coordinates"":[]}"
150,-3.186724443,-1.46091979,1.711E+11,-1.911595583,-5.449619832,-2.038449743,-1.177119613,"{""type"":""MultiPoint"",""coordinates"":[]}"
151,-3.18586568,-1.230500203,1.711E+11,-1.878747236,-4.17839939,-1.973854941,-1.154608328,"{""type"":""MultiPoint"",""coordinates"":[]}"
152,-3.156360632,-0.115087434,1.711E+11,-1.829318687,-2.600275911,-1.862911164,-1.147049706,"{""type"":""MultiPoint"",""coordinates"":[]}"
153,-3.150604012,-0.861325034,1.711E+11,-1.863110196,-3.531628608,-1.931264943,-1.153250853,"{""type"":""MultiPoint"",""coordinates"":[]}"
154,-3.163841108,-1.304580055,1.711E+11,-1.887452167,-4.707097699,-2.00372342,-1.166569664,"{""type"":""MultiPoint"",""coordinates"":[]}"
155,-3.07107952,0.527402605,1.711E+11,-1.776814304,-2.451876939,-1.746217882,-1.113003663,"{""type"":""MultiPoint"",""coordinates"":[]}"
156,-3.108755792,0.897380807,1.711E+11,-1.791981827,-2.223412398,-1.793831099,-1.13802933,"{""type"":""MultiPoint"",""coordinates"":[]}"
157,-3.1853365,-1.283631214,1.711E+11,-1.911595583,-4.871934566,-2.014303094,-1.177119613,"{""type"":""MultiPoint"",""coordinates"":[]}"
158,-3.160050534,-0.418038272,1.711E+11,-1.875627035,-3.916047767,-1.967341984,-1.170741439,"{""type"":""MultiPoint"",""coordinates"":[]}"
159,-3.08091211,0.212481108,1.711E+11,-1.797711843,-2.989219804,-1.779239633,-1.123904721,"{""type"":""MultiPoint"",""coordinates"":[]}"
0000000000000000015a,-3.177702472,-1.428171266,1.711E+11,-1.88915012,-5.243367985,-2.074681798,-1.177119613,"{""type"":""MultiPoint"",""coordinates"":[]}"
0000000000000000015b,-3.177254199,-1.454946333,1.711E+11,-1.911436141,-6.187633737,-2.08726263,-1.177119613,"{""type"":""MultiPoint"",""coordinates"":[]}"
0000000000000000015c,-3.157918826,-1.036297398,1.711E+11,-1.897607654,-4.096839722,-2.053391777,-1.175953433,"{""type"":""MultiPoint"",""coordinates"":[]}"
0000000000000000015d,-3.14664026,-0.627016397,1.711E+11,-1.856104297,-3.060042508,-1.988859062,-1.173101715,"{""type"":""MultiPoint"",""coordinates"":[]}"
0000000000000000015e,-3.178273039,-1.440362707,1.711E+11,-1.891407248,-5.529309272,-2.043220292,-1.177057685,"{""type"":""MultiPoint"",""coordinates"":[]}"
0000000000000000015f,-3.177484433,-1.457181319,1.711E+11,-1.911595583,-6.257614075,-2.08726263,-1.177119613,"{""type"":""MultiPoint"",""coordinates"":[]}"
160,-3.186779261,-1.462768114,1.711E+11,-1.911595583,-6.236819035,-2.08726263,-1.177119613,"{""type"":""MultiPoint"",""coordinates"":[]}"
161,-3.186779261,-1.465382488,1.711E+11,-1.911595583,-6.243979716,-2.08726263,-1.177119613,"{""type"":""MultiPoint"",""coordinates"":[]}"
162,-3.186767854,-1.462591862,1.711E+11,-1.891176076,-6.033205517,-2.053364414,-1.177119613,"{""type"":""MultiPoint"",""coordinates"":[]}"
163,-3.18662966,-1.462043092,1.711E+11,-1.906239739,-6.188595216,-2.07669622,-1.177119613,"{""type"":""MultiPoint"",""coordinates"":[]}"
164,-3.180794882,-1.387905273,1.711E+11,-1.89379391,-5.093014883,-2.043160446,-1.174930891,"{""type"":""MultiPoint"",""coordinates"":[]}"
165,-3.176827238,-1.186790922,1.711E+11,-1.881565736,-3.922419398,-1.991007495,-1.164891175,"{""type"":""MultiPoint"",""coordinates"":[]}"
166,-3.160214866,-1.292663997,1.711E+11,-1.853433319,-4.041751122,-1.978149578,-1.156684999,"{""type"":""MultiPoint"",""coordinates"":[]}"
0000000000000000016b,-3.18180945,-1.343573782,1.711E+11,-1.903876989,-4.633364866,-2.029306565,-1.173851446,"{""type"":""MultiPoint"",""coordinates"":[]}"
0000000000000000016d,-3.013319642,-0.492415562,1.711E+11,-1.776033386,-1.159833551,-1.689391739,-1.128529714,"{""type"":""MultiPoint"",""coordinates"":[]}"
171,-3.183176418,-1.1472174,1.711E+11,-1.896701484,-3.553251727,-2.015290817,-1.172393181,"{""type"":""MultiPoint"",""coordinates"":[]}"
173,-3.171476211,-0.222744778,1.711E+11,-1.869451956,-1.730935969,-1.931817235,-1.168629152,"{""type"":""MultiPoint"",""coordinates"":[]}"
174,-3.1669922,-1.359453973,1.711E+11,-1.900525697,-5.531287945,-2.062811176,-1.177024945,"{""type"":""MultiPoint"",""coordinates"":[]}"
175,-2.105000562,0.45199095,1.711E+11,-1.271436005,-0.636527087,-0.871976055,-0.868068685,"{""type"":""MultiPoint"",""coordinates"":[]}"
0000000000000000017a,-0.368984443,0.342689684,1.711E+11,-0.508173328,0.420439974,0.011279975,-0.249288059,"{""type"":""MultiPoint"",""coordinates"":[]}"
180,-2.105312418,0.439355296,1.711E+11,-1.219546739,-1.764718109,-0.926027068,-0.796606484,"{""type"":""MultiPoint"",""coordinates"":[]}"
183,-3.138312031,-0.753315439,1.711E+11,-1.85889501,-4.042918811,-1.676991661,-1.118218057,"{""type"":""MultiPoint"",""coordinates"":[]}"
185,-3.053308524,-0.228067668,1.711E+11,-1.808221694,-2.859067019,-1.878507727,-1.145502738,"{""type"":""MultiPoint"",""coordinates"":[]}"
186,-3.104037225,-0.564777749,1.711E+11,-1.833116304,-2.731706715,-1.829958507,-1.139290284,"{""type"":""MultiPoint"",""coordinates"":[]}"
0000000000000000018b,-3.116728855,-0.241761645,1.711E+11,-1.841307997,-1.639434685,-1.87416308,-1.150445346,"{""type"":""MultiPoint"",""coordinates"":[]}"
0000000000000000018c,-3.131700727,0.246025989,1.711E+11,-1.826429246,-1.623351438,-1.756570055,-1.127209233,"{""type"":""MultiPoint"",""coordinates"":[]}"
196,-3.059786976,-0.240006663,1.711E+11,-1.779230286,-2.68649406,-1.703711803,-1.111832929,"{""type"":""MultiPoint"",""coordinates"":[]}"
000000000000000001a2,-3.186779261,-1.463986927,1.711E+11,-1.911515824,-6.366438984,-2.081142306,-1.177119613,"{""type"":""MultiPoint"",""coordinates"":[]}"
000000000000000001a3,-3.186779261,-1.465957497,1.711E+11,-1.911595583,-6.238007003,-2.08726263,-1.177119613,"{""type"":""MultiPoint"",""coordinates"":[]}"
000000000000000001a4,-3.176258449,-1.467368324,1.711E+11,-1.911595583,-6.127171611,-2.087049309,-1.177119613,"{""type"":""MultiPoint"",""coordinates"":[]}"
000000000000000001a5,-3.185829514,-1.46290687,1.711E+11,-1.911334645,-5.506864597,-2.050235802,-1.168665242,"{""type"":""MultiPoint"",""coordinates"":[]}"
000000000000000001a6,-3.184002619,-1.460940577,1.711E+11,-1.911016074,-5.422132416,-2.080477148,-1.177119613,"{""type"":""MultiPoint"",""coordinates"":[]}"
000000000000000001a7,-3.186779261,-1.45665502,1.711E+11,-1.911595583,-6.285878971,-2.08726263,-1.177119613,"{""type"":""MultiPoint"",""coordinates"":[]}"
000000000000000001a8,-3.186779261,-1.434920602,1.711E+11,-1.911595583,-6.110140045,-2.08726263,-1.177119613,"{""type"":""MultiPoint"",""coordinates"":[]}"
000000000000000001a9,-3.186779261,-1.430618427,1.711E+11,-1.911595583,-6.064181523,-2.08726263,-1.177119613,"{""type"":""MultiPoint"",""coordinates"":[]}"
000000000000000001aa,-3.186779261,-1.462680188,1.711E+11,-1.911595583,-6.250615764,-2.08726263,-1.177119613,"{""type"":""MultiPoint"",""coordinates"":[]}"
000000000000000001ab,-3.186779261,-1.460391891,1.711E+11,-1.911595583,-5.737220811,-2.08726263,-1.177119613,"{""type"":""MultiPoint"",""coordinates"":[]}"
000000000000000001ac,-3.173022776,-1.460419129,1.711E+11,-1.911465236,-5.958337253,-2.071469627,-1.175294586,"{""type"":""MultiPoint"",""coordinates"":[]}"
000000000000000001ad,-3.147000132,-1.450365234,1.711E+11,-1.911595583,-5.883046892,-2.08726263,-1.177119613,"{""type"":""MultiPoint"",""coordinates"":[]}"
000000000000000001ae,-3.182665222,-1.425957908,1.711E+11,-1.909175713,-5.174996746,-2.080825397,-1.176756802,"{""type"":""MultiPoint"",""coordinates"":[]}"
000000000000000001af,-3.184046124,-1.455080486,1.711E+11,-1.90777928,-6.08163842,-2.082224508,-1.172098354,"{""type"":""MultiPoint"",""coordinates"":[]}"
000000000000000001b0,-3.178104517,-1.445819217,1.711E+11,-1.904714022,-5.588717751,-2.074060917,-1.174795118,"{""type"":""MultiPoint"",""coordinates"":[]}"
000000000000000001b1,-3.184429716,-1.409251729,1.711E+11,-1.903378262,-5.189773729,-1.999204299,-1.172421228,"{""type"":""MultiPoint"",""coordinates"":[]}"
000000000000000001b2,-3.179257151,-1.350400497,1.711E+11,-1.900486691,-5.030711376,-2.004817818,-1.169720942,"{""type"":""MultiPoint"",""coordinates"":[]}"
000000000000000001b3,-3.178924981,-1.183500971,1.711E+11,-1.866312787,-4.42710649,-1.875707599,-1.15347003,"{""type"":""MultiPoint"",""coordinates"":[]}"
000000000000000001b6,-3.18481804,-1.272183255,1.711E+11,-1.904717558,-4.459507058,-2.000322322,-1.17296186,"{""type"":""MultiPoint"",""coordinates"":[]}"
000000000000000001b9,-3.184519139,-1.435385277,1.711E+11,-1.910718051,-6.201377837,-2.079169347,-1.176502448,"{""type"":""MultiPoint"",""coordinates"":[]}"
000000000000000001ba,-3.186029518,-1.395814923,1.711E+11,-1.887353193,-5.132845539,-1.945388021,-1.15624761,"{""type"":""MultiPoint"",""coordinates"":[]}"
000000000000000001bb,-3.186679115,-1.006127254,1.711E+11,-1.908289907,-3.797781922,-1.984452515,-1.17202474,"{""type"":""MultiPoint"",""coordinates"":[]}"
000000000000000001bd,-3.186362691,-0.844152351,1.711E+11,-1.899724119,-3.910523688,-2.030710874,-1.172551603,"{""type"":""MultiPoint"",""coordinates"":[]}"
000000000000000001be,-3.181996362,-0.500301932,1.711E+11,-1.850440773,-3.063146469,-1.889912866,-1.153369638,"{""type"":""MultiPoint"",""coordinates"":[]}"
000000000000000001bf,-3.186552382,-1.181244258,1.711E+11,-1.901848782,-4.285565219,-2.017480874,-1.170568713,"{""type"":""MultiPoint"",""coordinates"":[]}"
000000000000000001c0,-3.186616401,-1.233750535,1.711E+11,-1.905950112,-3.933992594,-2.029665801,-1.175378006,"{""type"":""MultiPoint"",""coordinates"":[]}"
000000000000000001c1,-3.186779261,-1.173359321,1.711E+11,-1.910495386,-3.681159741,-2.047264311,-1.176726451,"{""type"":""MultiPoint"",""coordinates"":[]}"
000000000000000001c2,-3.18622204,-1.004970744,1.711E+11,-1.89838724,-3.407361812,-2.008500396,-1.168316511,"{""type"":""MultiPoint"",""coordinates"":[]}"
000000000000000001c3,-3.182477435,-1.104392627,1.711E+11,-1.897159364,-3.249384614,-1.960273305,-1.153410882,"{""type"":""MultiPoint"",""coordinates"":[]}"
000000000000000001c4,-3.186049577,-0.995517854,1.711E+11,-1.90327186,-3.424624188,-2.006279293,-1.175827571,"{""type"":""MultiPoint"",""coordinates"":[]}"
000000000000000001c6,-3.165559355,-0.891959063,1.711E+11,-1.885809722,-3.472148622,-1.979607617,-1.163258026,"{""type"":""MultiPoint"",""coordinates"":[]}"
000000000000000001d0,-3.093879773,-0.373664428,1.711E+11,-1.830999248,-2.374111209,-1.820445535,-1.135250601,"{""type"":""MultiPoint"",""coordinates"":[]}"
000000000000000001d1,-3.038336273,0.444665377,1.711E+11,-1.759647558,-1.433625328,-1.545902161,-1.093269796,"{""type"":""MultiPoint"",""coordinates"":[]}"
000000000000000001d2,-2.794665773,0.998552367,1.711E+11,-1.577362923,-1.414631995,-1.439328389,-1.019610598,"{""type"":""MultiPoint"",""coordinates"":[]}"
000000000000000001d3,-2.968801294,0.41156467,1.711E+11,-1.686616322,-1.333391856,-1.443812862,-1.072784703,"{""type"":""MultiPoint"",""coordinates"":[]}"
000000000000000001d4,-1.033086054,-0.112042306,1.711E+11,-0.914543687,-0.849091575,0.034527833,-0.236139125,"{""type"":""MultiPoint"",""coordinates"":[]}"
000000000000000001d7,-3.141634558,-1.256039046,1.711E+11,-1.877049378,-5.137742073,-1.972763691,-1.156260768,"{""type"":""MultiPoint"",""coordinates"":[]}"
000000000000000001d9,-3.123332709,-0.786546052,1.711E+11,-1.837990899,-3.650796113,-1.836783078,-1.147299145,"{""type"":""MultiPoint"",""coordinates"":[]}"
000000000000000000c4,-2.954471282,0.507475059,1.711E+11,-1.745355419,-1.88104554,-1.61756611,-1.104888875,"{""type"":""MultiPoint"",""coordinates"":[]}"
000000000000000000c5,-3.099318477,1.285504029,1.711E+11,-1.864641492,-2.065049669,-1.848422093,-1.177119613,"{""type"":""MultiPoint"",""coordinates"":[]}"
000000000000000000c0,-3.172124828,-1.015647685,1.711E+11,-1.83923496,-3.069261178,-1.851418388,-1.151043871,"{""type"":""MultiPoint"",""coordinates"":[]}"
000000000000000000c1,-2.967120979,0.741206898,1.711E+11,-1.710089384,-1.760106431,-1.562796254,-1.088707311,"{""type"":""MultiPoint"",""coordinates"":[]}"
000000000000000000b2,-2.962354185,-1.469420892,1.71001E+11,-1.911571333,-3.086677271,-1.576654636,-1.174647662,"{""type"":""MultiPoint"",""coordinates"":[]}"
000000000000000000b3,-3.057811105,-1.469199169,1.71001E+11,-1.911580612,-2.940210839,-1.519689622,-1.165323689,"{""type"":""MultiPoint"",""coordinates"":[]}"
000000000000000001c7,-2.903949101,0.522931354,1.711E+11,-1.636898698,-2.13792365,-1.485686655,-1.030762047,"{""type"":""MultiPoint"",""coordinates"":[]}"
000000000000000001c9,-2.397613151,0.435556948,1.711E+11,-1.285437629,-1.816682757,-1.019125907,-0.834529184,"{""type"":""MultiPoint"",""coordinates"":[]}"
000000000000000001db,-3.186698037,-1.469541224,1.703E+11,-1.911595583,-3.604014423,-1.741024622,-1.177119613,"{""type"":""MultiPoint"",""coordinates"":[]}"
0000000000000000001f,-3.18677141,-1.469545126,1.703E+11,-1.911595583,-5.062520753,-2.044140913,-1.177119613,"{""type"":""MultiPoint"",""coordinates"":[]}"
000000000000000000b5,-3.186734238,-1.469456128,1.71001E+11,-1.911595583,-3.676395252,-2.024548281,-1.177119613,"{""type"":""MultiPoint"",""coordinates"":[]}"
000000000000000001cb,-1.192826089,0.304049539,1.711E+11,-0.852837104,0.58484018,-0.180044648,-0.403357771,"{""type"":""MultiPoint"",""coordinates"":[]}"
000000000000000001cc,-3.163577201,-0.278083579,1.711E+11,-1.851734972,-2.894294205,-1.898950697,-1.163627535,"{""type"":""MultiPoint"",""coordinates"":[]}"
000000000000000001cd,-3.049173859,0.42724513,1.711E+11,-1.772270808,-2.312767648,-1.752603302,-1.133597787,"{""type"":""MultiPoint"",""coordinates"":[]}"
000000000000000001ce,-2.876014379,1.147033991,1.711E+11,-1.641442573,-2.57551987,-1.584953093,-1.091731279,"{""type"":""MultiPoint"",""coordinates"":[]}"
000000000000000001cf,-0.523660649,0.014161518,1.711E+11,-0.630899656,1.115197115,0.378897444,0.112332724,"{""type"":""MultiPoint"",""coordinates"":[]}"
0000000000000000002a,-3.181834795,-1.469530466,1.71001E+11,-1.911592168,-4.262754361,-2.011132543,-1.177119613,"{""type"":""MultiPoint"",""coordinates"":[]}"
0000000000000000002b,-3.17801678,-1.469543993,1.71001E+11,-1.911595583,-3.59648472,-1.951770699,-1.177119613,"{""type"":""MultiPoint"",""coordinates"":[]}"
0000000000000000002f,-3.131133992,-0.626142392,1.711E+11,-1.838200991,-1.698028226,-1.737672141,-1.139665833,"{""type"":""MultiPoint"",""coordinates"":[]}"
000000000000000000b6,-2.11070931,0.987312166,1.711E+11,-1.169584067,-1.397718504,-0.977330054,-0.832933925,"{""type"":""MultiPoint"",""coordinates"":[]}"
000000000000000000c7,-2.843480442,0.252505511,1.711E+11,-1.698788112,-2.17006759,-1.532217785,-1.053878171,"{""type"":""MultiPoint"",""coordinates"":[]}"